recipe_id,course_id
48704,28
127164,3
127164,8
127164,9
127873,25
127873,26
49576,3
127186,3
127186,8
127355,14
127355,16
127355,9
127355,11
47636,13
48094,3
48686,3
48686,16
49518,3
123208,3
123208,8
123341,3
123341,8
50168,3
123063,3
123063,8
77630,29
122792,11
122792,26
47888,26
123005,28
122535,3
122535,20
122535,8
50188,3
122055,3
122055,16
122781,28
122687,3
122687,8
122687,26
47890,14
47890,29
47890,21
47890,16
47890,2
119427,14
119427,2
122223,3
122223,16
47598,29
47598,21
47598,16
77873,14
77873,29
77873,21
77873,3
77873,16
119408,29
119408,21
119408,3
119408,16
47918,29
47918,21
47918,2
87873,29
87873,21
122116,11
122116,26
119099,3
119323,3
119323,8
119323,9
49572,16
49572,11
118681,14
47920,3
119248,29
48994,14
48994,3
48994,16
119171,3
119171,16
119171,13
113204,3
118893,16
118537,3
118537,8
118499,29
118499,28
118567,29
118631,3
118182,3
118182,8
49044,3
49044,16
49044,13
118615,3
118615,13
50276,13
49874,3
117979,22
117979,3
117979,16
117979,8
113519,2
118238,3
118238,8
113414,28
113887,3
113887,8
117811,3
117811,8
117668,29
117668,21
117668,16
113901,3
113901,8
113781,5
113781,6
114012,3
114012,16
114012,8
113808,3
113808,20
113808,8
114075,29
114075,21
49458,3
49458,13
50226,14
117470,3
117470,8
113616,3
113616,8
112935,3
112935,20
49056,28
113657,29
113657,21
49586,28
50444,3
50444,16
49946,3
111661,26
111661,2
112614,28
112614,2
113162,14
113162,24
111667,14
111667,24
50080,3
50080,26
113504,14
113504,24
113504,2
111845,3
49712,3
49712,13
110160,3
110160,8
110160,9
49822,28
49822,2
49956,28
49956,2
110727,26
49716,26
111974,26
111974,18
112439,26
112439,18
112481,26
112481,18
74946,3
49414,26
49752,26
112272,4
112272,26
112272,18
48328,3
110986,26
111344,16
111738,13
112119,29
112119,26
112119,18
111201,26
111201,18
49760,3
49760,16
111306,3
111306,8
111306,9
49080,3
111051,3
111051,8
109043,14
109043,2
111116,3
111116,16
111116,9
110605,11
110605,26
110940,28
110336,26
49770,2
110509,3
110509,16
110509,11
110538,26
110304,3
110304,13
110501,26
110039,28
109556,29
109556,9
109735,26
108781,14
49768,29
49768,21
49738,28
50062,13
109367,29
109367,21
109367,28
108534,26
109206,3
109206,16
109206,10
49116,29
49116,21
49116,2
49620,3
108607,29
108607,21
108607,2
48344,3
48344,16
48344,13
109004,29
108647,3
108647,16
49776,3
48368,3
103982,26
108160,29
108160,21
108160,9
48998,3
108062,29
108062,21
108062,28
108995,26
47690,29
47690,21
47690,16
47690,11
108966,3
108966,8
108966,26
90556,3
50194,26
108116,3
108154,29
108154,3
108154,16
107897,3
107897,16
107992,3
107992,16
107992,13
107626,3
107626,26
106155,14
106155,2
107377,3
107377,16
50456,26
107156,28
107663,3
107663,26
107428,14
107428,13
107337,3
106566,3
106566,9
106771,16
50216,14
50216,26
48056,3
101910,3
101910,16
91065,29
91065,21
106740,3
106341,28
106341,2
106225,26
49190,14
49190,16
105264,3
105264,16
105936,25
105936,26
104888,3
104888,16
48496,29
48496,21
49862,28
105450,3
105450,16
105450,9
49560,3
49560,16
105701,25
105701,8
105701,9
105701,26
105976,3
105976,16
105976,2
104664,25
104664,7
104664,26
50388,9
50388,26
105535,3
105535,16
105535,9
105077,3
105077,16
105077,9
105543,29
105543,21
105543,16
90119,11
90119,26
103580,29
103580,16
104901,25
104901,26
105342,19
50328,11
50328,26
104941,25
104941,26
47984,26
47984,2
104344,14
104344,3
104344,16
104688,3
104038,3
104729,4
49242,29
49242,21
50322,3
104681,3
104681,16
104247,28
103738,25
103738,11
103738,26
104029,3
104029,16
49034,3
50316,11
50316,26
49510,26
103828,3
103828,26
103308,29
103308,9
103754,25
103754,4
103030,23
103431,3
103723,3
103723,8
103723,26
102868,3
50012,14
50012,2
49330,14
49330,2
50472,14
50472,4
50472,2
48260,3
103201,3
103121,3
50240,3
49682,3
103268,3
103268,16
103268,9
102210,3
102210,16
102210,9
49254,16
49254,11
49254,26
102716,3
102935,29
102935,21
102935,2
50508,29
48402,14
48402,3
49348,16
47818,3
47818,16
47818,11
101440,3
93255,26
101677,29
101677,21
101677,3
101677,16
102576,26
49594,29
49594,21
47900,28
101810,3
100892,16
100892,9
100892,11
102070,29
49884,3
101380,16
101380,11
100152,14
100152,26
49790,3
49790,16
50510,3
80605,29
80605,21
50458,16
50458,11
100761,3
100761,16
49548,3
48200,3
100770,3
99891,3
99891,13
99997,29
99997,9
100194,3
47630,3
99441,3
99441,16
49062,14
100991,3
100991,16
100991,13
53916,3
100201,3
100201,13
50384,13
99435,3
99784,3
99469,3
99469,16
99469,9
99718,28
99718,2
47678,14
98448,16
98448,11
49562,3
49562,16
49028,14
99525,29
99525,21
99525,9
48774,3
50040,3
50414,3
50414,16
50414,13
50158,14
50158,3
50158,16
49488,3
99413,3
99413,16
99313,11
99313,26
48788,14
99196,3
99196,16
98568,3
98568,26
48306,14
48306,3
48306,16
98547,29
50198,3
95745,29
93800,26
50098,3
98387,3
94012,3
94012,16
94012,13
84488,3
94178,3
98410,3
98410,16
98410,13
94025,3
94025,16
94025,9
98538,3
98538,16
98538,9
98314,11
94394,3
94394,16
94394,11
97823,3
97823,16
94035,3
94035,16
49804,3
94223,14
94223,23
94307,14
49674,29
49674,21
94284,3
94365,1
94365,28
49374,3
94246,29
94246,21
94246,9
94185,14
94185,3
94185,16
93964,14
93964,3
93964,26
53382,3
94055,16
94055,26
94003,29
94003,21
93968,3
93733,14
93417,26
93845,29
93807,23
49652,14
49652,3
93493,3
93654,3
93654,16
93654,13
93459,11
93351,3
93351,26
92829,29
93359,26
93359,18
93554,3
48010,26
92678,26
93302,26
93111,3
93111,13
93310,29
92929,12
49386,26
48008,3
74965,3
74965,16
74965,9
74965,10
74965,2
92395,14
92395,2
92785,3
92901,3
92532,26
50094,3
50094,13
92102,3
92102,16
48786,29
48786,21
92821,29
92081,3
91957,3
91957,16
91957,11
91957,26
92541,3
92541,16
74705,14
74705,16
74705,10
74705,2
92299,3
91823,11
57123,14
91488,3
91762,29
91762,21
50268,29
50268,21
50268,2
92279,26
92236,3
48238,3
48238,13
91835,26
92119,8
92119,26
49112,29
49112,21
91768,3
91768,16
47754,3
47754,26
47754,13
49018,29
49018,21
74216,3
74216,16
91373,3
56804,29
49788,28
49788,2
49444,29
49444,21
48862,26
91531,3
91531,16
91531,13
91174,3
91397,29
91397,2
49476,3
91467,29
91467,21
91467,16
91203,3
91203,16
73869,3
73869,16
91249,3
91249,16
91295,14
91295,26
49696,3
49696,13
91127,29
91127,21
91127,16
49462,28
49462,2
90358,25
90358,26
49174,13
90988,14
90988,3
90988,16
49558,12
91003,26
91003,2
53935,16
53935,10
49866,16
48914,16
48914,11
90609,3
90609,16
90754,14
90754,3
90754,16
90754,10
50452,3
50452,26
90679,26
90442,29
90442,2
90616,3
90431,4
90461,29
47810,26
90205,26
48088,3
50128,3
48676,23
50120,14
50120,23
50120,11
50120,26
89552,3
48656,28
89960,3
89960,16
89773,3
89773,16
89773,26
90021,3
50370,3
49870,3
49870,16
49870,11
89240,16
89240,9
89240,11
49514,29
49514,21
49516,29
49516,28
49516,2
89680,29
89680,9
89680,2
49854,16
49854,11
89523,3
89523,16
89523,11
89637,3
89637,16
50330,26
49612,3
49612,16
49612,11
47570,3
47570,16
52593,27
52593,11
52593,26
49960,3
49960,16
49960,11
89390,16
89058,28
49954,3
49954,11
48708,3
48708,16
78541,3
78541,16
78541,9
78541,26
50410,3
89009,3
89009,16
89009,9
89009,11
48712,3
89067,16
89067,9
89421,29
89421,28
89421,2
71281,3
71281,16
49228,16
49228,11
49228,26
88788,3
88788,16
88788,11
50432,26
88927,16
88927,9
88502,3
49622,29
49622,21
49622,3
48058,14
48058,3
48058,16
88729,3
88729,16
88729,11
88516,8
88516,26
47894,26
49892,28
49892,2
88619,28
88264,29
87613,3
50104,14
50104,3
50104,16
88271,3
48630,11
50078,29
50078,21
87830,2
88524,3
87953,3
87555,3
87555,9
50274,3
87363,29
87363,21
49188,29
49188,21
87480,3
50070,3
50070,16
87250,3
50234,3
86193,29
86193,2
85918,3
86472,3
86472,16
86472,13
87373,14
87373,3
87373,16
87373,9
49230,3
86841,3
86841,16
86841,13
85868,3
85868,26
47930,29
47930,21
81211,3
47666,3
47666,16
50170,28
49640,14
86466,3
49338,3
49338,16
48224,14
48224,3
48224,16
85604,3
85604,16
85604,9
49998,14
47676,14
47676,2
86128,29
86128,28
83710,3
83710,26
85243,14
85243,16
85243,10
85243,2
86120,14
86120,3
86120,16
85611,3
85578,29
85578,21
85578,3
85578,16
48514,3
83206,16
48796,3
50412,3
50412,16
50412,13
49308,29
49308,21
49308,28
49308,2
47956,26
50162,3
81204,29
81204,21
84504,3
84334,3
84334,16
47700,3
47700,16
47700,11
82939,14
49880,14
49880,16
84100,3
83528,26
50338,3
49662,29
49662,21
50238,3
48536,3
82884,3
50044,26
47988,14
47988,29
47988,21
47988,26
48276,16
48276,11
58143,3
81135,3
81147,26
49376,14
48006,26
49628,3
48012,26
49102,29
49102,21
49102,5
50060,26
49550,16
49550,11
80946,3
49238,29
49238,21
49238,3
48558,3
80779,3
48016,3
48016,16
80758,3
49648,3
80383,3
80383,16
80383,11
80500,3
80500,16
80358,28
80358,16
80358,9
80358,11
79855,3
79855,16
80563,3
80318,23
80318,2
80143,3
80143,16
80143,9
49480,3
50462,3
75609,3
80081,3
80081,16
80006,29
50364,3
79144,3
79144,16
50302,3
79540,3
79540,16
79984,14
79984,3
79984,16
79794,12
79546,3
79546,16
79546,11
50138,16
50134,29
50134,21
49554,3
49206,28
49500,26
79389,3
48066,3
49236,3
48126,3
78945,3
79167,3
79167,16
79167,9
79044,3
79044,16
79095,14
89124,3
89124,16
89124,9
89124,11
47854,3
78801,14
78801,3
78801,16
49226,29
49226,21
49226,16
49536,3
49894,16
49972,26
78832,3
78832,16
78832,7
78832,26
50332,28
78616,16
78616,9
78616,11
78616,26
78794,3
78794,16
78529,3
78529,16
49616,3
78665,29
78665,9
49856,28
73116,11
78535,3
78535,16
78535,2
50000,26
75885,3
75885,16
49926,16
49926,11
50206,3
78082,3
78192,21
78192,28
78192,2
49538,16
49538,11
49538,26
77752,3
77752,16
78156,3
78156,16
77150,3
77150,16
77696,3
77696,16
77690,3
77690,16
77983,14
77983,16
77769,16
77769,11
77590,3
77590,16
50100,14
77845,3
77845,26
77896,29
77896,9
50498,3
77114,29
77114,21
77114,3
77114,16
77217,29
77217,21
77217,3
77217,16
77217,9
76136,3
76136,16
77658,3
77658,16
49810,28
49466,11
77192,3
76786,3
77393,14
77393,3
77393,16
48266,3
76976,3
76976,16
77038,3
77038,16
76825,9
76825,11
76825,26
77064,29
77064,21
77064,3
77064,16
77064,9
76519,29
76519,9
76761,3
76761,16
76988,14
76988,2
76859,3
76859,16
76565,5
76808,29
76808,9
76808,2
76587,29
76587,16
49394,16
49394,11
49394,26
76844,5
76844,6
76249,3
76311,3
76311,16
76751,3
76751,16
75559,3
75559,16
75987,3
75987,16
76203,3
76203,16
75695,29
75695,21
75695,9
73780,26
50262,29
50262,21
50262,28
47966,3
47966,16
47966,2
49936,3
75913,3
75913,16
76021,5
75673,3
75673,16
75427,29
75427,21
75427,9
75596,14
75596,26
75876,26
75742,28
75837,3
75865,1
75865,28
50016,26
49962,29
49962,21
50294,3
49694,28
47738,26
75418,16
75486,3
75486,16
75602,28
75176,26
75170,3
75170,16
75170,13
57750,21
57750,3
57750,16
50360,3
74868,29
74868,21
74868,3
74868,16
74868,9
75055,26
74970,28
74970,2
49402,3
74626,3
72128,3
74534,3
74534,16
74534,13
74634,3
74634,16
74634,26
48570,14
48570,28
48570,2
49328,26
74541,3
74541,9
49440,3
74650,14
74650,3
74650,16
74358,29
74358,21
48586,26
49014,13
49130,28
74352,3
74233,5
74133,3
74133,16
74133,9
50300,26
74036,3
74036,26
73839,3
73839,16
73560,3
73560,16
50288,28
73543,14
73543,26
73097,3
73097,16
49530,29
49530,21
49530,28
73497,28
73497,2
49158,26
50286,3
73262,28
72985,3
72985,16
70552,3
47908,14
73061,29
73061,21
73061,3
73061,16
72567,3
72567,16
50298,29
50298,21
50298,28
50298,2
49606,29
49606,21
72634,14
72634,21
72634,3
72634,16
49950,3
72751,3
72459,14
72459,21
72459,3
72459,16
72848,14
72848,23
72848,26
72546,14
72546,3
72372,3
72372,16
72120,16
71933,21
71933,3
71933,16
71939,29
71939,21
48660,3
72767,3
72249,29
72249,21
72249,16
72062,14
72062,21
72062,3
72062,16
72062,2
72641,3
72641,16
49100,3
50284,3
50284,13
72021,5
71864,3
50218,14
50218,4
50218,2
49706,3
49212,29
49212,21
49212,28
49212,2
50090,16
71768,3
50408,16
50408,11
49170,14
49170,16
49170,26
49170,2
49210,3
49210,16
71464,26
71215,21
71215,3
71215,16
47750,26
50150,3
50150,16
71270,26
49546,28
71056,3
71242,29
71242,5
71022,3
71022,26
70985,21
70985,3
70985,16
50416,29
50416,21
48988,29
48988,21
48988,16
64534,28
47906,29
47906,21
70417,3
70417,16
71067,29
71067,2
50034,26
70975,21
70975,3
70975,16
70975,11
70368,3
70368,16
49944,3
70746,21
70746,3
70746,16
70615,3
70615,16
50174,3
70322,3
70322,16
70276,3
70276,16
70276,26
49282,3
63591,29
63591,21
63591,9
70683,29
50386,26
50448,16
50448,11
64479,3
64479,16
64604,3
64604,16
64119,14
64119,26
64453,3
50420,3
64145,21
64145,3
64145,16
50312,3
49984,29
49984,21
49984,28
63759,3
63759,16
49818,3
50256,3
50256,13
49638,3
64071,14
48780,13
50428,16
50428,11
50428,26
49908,3
56765,3
56765,16
63535,21
63535,3
63535,16
50132,3
50116,3
49092,3
62419,3
62419,16
62419,9
57895,29
57895,21
57895,16
57895,13
62313,3
62313,16
62313,9
62469,3
62469,16
49050,28
50046,28
58119,29
58119,21
49996,3
49750,3
58125,21
58125,28
50032,3
57905,14
57905,21
57905,26
57989,29
57989,21
57989,3
57989,16
57979,21
57979,3
57979,16
58843,21
58843,3
58843,16
58225,3
58225,26
57636,3
57636,11
57636,26
50052,28
50038,14
50038,3
57954,26
49724,26
56874,3
56874,16
56874,26
56874,2
58156,21
58156,16
58156,26
49734,26
57270,3
47732,3
49650,3
49650,16
49650,13
47734,3
48288,26
49668,3
56273,3
50422,29
50422,21
50422,28
49406,3
56619,29
56619,28
56619,2
49030,16
50072,29
50072,28
56732,3
56732,16
56732,13
56153,14
56153,16
55945,3
49342,3
56311,3
54887,3
55153,14
55153,3
48044,26
50202,26
50270,3
50028,13
49194,3
50204,3
56084,26
54867,26
56090,29
50454,26
49720,28
50296,14
50296,11
55884,2
54383,14
54383,26
54383,2
54818,3
54818,16
47644,3
53909,3
53909,16
54645,23
54317,3
54317,16
49924,3
48740,16
48740,11
48740,26
53778,3
50480,14
50480,16
53878,26
47582,3
49470,3
50374,3
53715,3
53715,16
52854,26
48666,14
48666,16
48666,11
51258,26
52789,29
52789,16
52340,3
52297,3
52104,3
51968,3
51968,16
47580,3
51911,16
51911,11
51911,26
51739,3
47572,3
49836,3
51935,3
51935,16
47578,3
47578,16
47576,3
47576,16
47576,11
48124,3
48950,3
47588,26
49532,28
47574,3
47590,29
47590,21
47586,14
47586,2
47584,3
47592,3
47592,13
47596,29
47596,21
47594,14
47594,2
47602,28
47600,16
47600,11
47604,3
47604,16
47606,3
47614,16
47608,29
47608,21
47608,16
47612,3
47620,29
47616,29
47616,21
47616,28
47618,29
47618,21
47624,29
47624,21
47610,3
47622,3
47622,16
47628,3
47634,16
47634,11
47634,26
47632,29
47632,21
47626,29
47626,21
47638,3
47640,3
47640,16
47640,11
47646,3
47648,3
47654,3
47654,16
47654,13
47658,3
47664,28
47650,3
47650,13
47652,3
47670,29
47670,21
47670,16
47642,3
47642,16
47660,3
47660,13
47668,3
47662,3
47672,28
47674,14
47680,3
47682,3
47682,13
47684,3
47692,3
47694,29
47694,21
47688,3
47686,3
47704,3
47702,29
47702,21
47706,13
47710,28
47712,29
47712,21
47722,3
47720,3
47714,14
47726,14
47726,16
47698,3
47698,13
47724,3
47696,3
47696,13
47730,2
47728,26
50426,26
47740,3
47742,3
47742,13
47744,3
47744,16
48018,26
47736,3
48290,3
47756,3
47746,29
47746,21
47760,12
47752,16
47752,11
47762,29
47762,21
47768,3
47758,28
47748,3
47748,16
47764,16
47764,11
48048,3
47766,3
47770,3
47770,26
49436,3
47776,3
47774,16
47774,11
47774,26
47782,3
47788,3
47780,16
47780,11
47780,26
47796,29
47778,3
47790,26
47792,10
47794,26
47786,3
47798,3
47798,16
47806,3
47800,3
47784,3
47784,16
47784,11
47804,3
47804,11
47802,3
47812,3
47808,16
47808,11
47808,26
47814,3
48412,14
48412,11
48412,26
49180,11
49180,26
47816,16
47816,11
47832,28
47826,3
47826,16
47826,11
47838,16
47838,11
48396,3
49852,3
47834,16
47830,16
47830,11
47836,3
47836,16
49478,29
49478,21
49478,26
47844,15
47846,11
47846,26
47840,14
47840,3
47842,3
47852,26
47848,3
47856,11
47856,26
47850,3
47862,16
47862,11
47858,3
47860,3
47880,29
47880,21
47876,3
47878,29
47878,21
47864,29
47864,21
47866,28
47874,3
47872,14
47872,3
47868,12
47870,3
47882,3
47882,16
47882,11
47884,3
47886,14
47886,2
47896,3
47898,29
47898,21
47892,3
47904,14
47904,29
47904,21
47904,2
47912,28
47902,13
47926,29
47926,21
47924,16
47924,11
47928,16
47928,11
47932,14
47932,16
47910,14
47910,16
47910,2
47922,3
47916,3
48178,3
47938,29
47938,21
47914,3
47934,3
47936,28
47942,3
47950,16
47950,13
47940,3
47946,14
47946,26
47946,2
47944,29
47944,21
47944,28
47948,14
47948,26
47952,3
47954,14
47964,3
47964,13
47968,3
47968,26
47962,3
47960,3
47960,16
47972,11
47970,3
47958,29
47958,21
47980,3
47974,3
47974,13
47976,28
47982,13
47994,3
47978,3
47990,3
47992,3
47992,26
47986,3
47998,26
48000,3
48000,16
48002,26
47996,26
48004,26
48014,3
48024,3
48024,16
48020,26
48020,2
48030,3
48022,3
48032,3
48034,3
48028,3
48026,14
48026,2
48036,3
48038,3
48042,3
48040,3
48062,3
48060,14
48060,3
48050,3
48078,3
48072,3
48052,3
48054,28
48070,3
48046,16
48046,11
48068,3
48064,3
48064,16
48064,9
48082,3
48082,11
48080,3
48074,3
48076,3
48632,3
48084,3
48086,16
48086,11
48092,3
48090,3
48096,3
48110,3
48110,16
48102,16
48098,14
48098,16
48098,11
48104,3
48106,3
48400,14
48400,26
48400,2
48114,28
48114,2
48108,26
48100,16
48122,3
48120,3
48116,29
48116,21
48116,3
48118,3
48118,16
48118,11
48134,29
48134,21
48128,3
48132,3
48130,3
48142,29
48142,21
48142,16
48140,29
48140,21
48138,3
48150,3
48144,3
48144,16
48144,11
48158,16
48158,11
48136,14
48136,3
48152,3
48146,3
48148,14
48148,16
48154,14
48154,2
48156,3
48166,3
48166,16
48166,11
48162,3
48162,13
48160,29
48160,21
48160,16
48160,11
48164,29
48164,21
48176,14
48176,26
48170,3
48174,16
48174,11
48180,3
48180,16
48168,3
48186,3
48172,3
48184,3
48184,16
48184,13
48182,3
48188,3
48188,26
48194,3
48192,3
48196,3
48190,29
48190,21
48190,26
48198,3
48208,3
48208,16
48204,13
48210,29
48210,21
48206,28
48202,3
48212,16
48212,11
48214,3
48218,29
48218,21
48220,14
48220,3
48216,3
49318,3
49318,26
48230,14
48230,2
48222,14
48222,2
48228,16
48228,11
48234,3
48226,29
48226,21
48232,26
48236,3
48236,13
48244,3
48244,16
48244,13
48784,13
48248,3
48246,3
48246,16
48242,3
48250,3
48240,3
48240,13
48256,3
48254,16
48254,13
48258,28
48258,2
48252,13
48264,3
48278,28
48270,3
49364,14
48272,3
48268,3
48284,3
48284,13
48280,3
48280,16
48262,3
48274,3
48294,16
48294,26
48292,3
48292,11
48282,14
48282,26
48282,2
48286,3
48296,3
48310,26
48302,3
48298,3
48304,26
48314,26
48300,11
48308,3
48324,3
48320,26
48318,3
48322,28
48322,2
48316,3
48332,3
48332,16
48332,13
48336,3
48330,3
48334,3
48334,26
48326,3
48326,16
48338,3
48340,3
48346,3
48342,3
48348,3
48348,11
48350,3
48350,11
48350,26
48352,3
48362,3
48358,11
48358,26
48360,26
48366,16
48372,16
48372,11
48364,16
48354,3
48354,16
48356,3
48356,16
48356,11
48376,3
48376,11
48370,3
48370,16
48370,11
48382,16
48382,11
48378,26
48374,26
48380,3
48388,3
48384,3
48392,3
48392,16
48394,3
48390,3
48386,11
48408,3
48410,3
48410,16
48410,11
48414,29
48414,21
48414,16
48406,26
48404,16
48404,11
48422,3
48422,16
48420,3
48420,16
48420,11
48398,28
48418,3
48416,3
48426,3
48426,16
48424,3
48430,3
48428,3
48434,3
48436,16
48436,11
48436,26
48432,16
48432,11
48432,26
48442,3
48438,3
48438,16
48446,29
48446,21
48446,16
48448,3
48450,11
48450,26
48440,3
48440,11
48444,3
48444,11
48452,3
48454,3
48454,16
48454,11
48456,3
48456,16
48458,29
48458,21
48464,3
48464,11
48466,3
48460,3
48462,29
48462,21
48472,16
48472,11
48478,3
48468,26
48470,3
48476,11
48484,3
48484,16
48480,3
48480,16
48490,3
48502,14
48502,2
48474,3
48492,14
48494,3
48486,26
48488,3
48504,13
48506,13
48508,16
48508,11
48498,3
48500,14
48482,3
48482,16
48516,29
48516,21
48520,26
48510,29
48510,21
48512,3
48522,14
48518,3
48518,16
48530,3
48532,14
48532,2
48528,29
48528,21
48542,13
48526,3
48524,3
48544,26
48534,29
48534,21
48548,3
48550,3
48538,3
48538,16
48540,13
48556,28
48546,29
48546,21
48546,16
48552,26
48562,3
48554,26
48580,22
48580,16
48572,2
48576,26
48566,13
48574,28
48568,16
48568,13
48582,3
48560,29
48560,21
48584,14
48592,14
48592,16
48594,3
48588,13
48578,29
48578,21
48564,15
48590,28
48598,29
48598,21
48602,3
48610,3
48604,13
48606,29
48606,21
48606,3
48606,16
48596,14
48596,26
48596,2
48612,12
48618,29
48614,3
48614,16
48608,3
48616,3
48616,16
48624,28
48626,28
48600,28
48622,3
48628,26
48620,11
48640,16
48640,11
48636,3
48636,16
48642,29
48642,21
48634,11
48634,26
48638,3
48646,28
48648,16
48648,26
48644,3
48658,2
48652,14
48652,3
48654,14
48654,16
48664,29
48664,21
48664,5
48650,5
48674,3
48674,16
48672,14
48672,23
48672,26
48672,2
48662,3
48670,3
48668,14
48678,14
48678,26
48684,29
48684,21
48680,3
48680,16
48690,11
48690,26
48692,3
48696,3
48702,3
48682,28
48694,3
48706,3
48706,16
48718,29
48718,21
48700,16
48716,3
48688,3
48710,3
48698,3
48698,16
48714,3
48714,16
48724,26
48720,11
48720,26
48722,3
48726,3
48728,26
48732,3
48730,28
48744,3
48742,11
48742,26
48748,28
48750,29
48750,21
48734,28
48738,3
48738,16
48736,14
48758,3
48760,3
48762,29
48762,21
48752,26
48754,29
48754,21
48754,3
48754,16
48766,26
48756,3
48768,29
48768,21
48770,3
48764,14
48764,26
48772,28
85137,14
48778,13
48776,29
48776,21
48792,29
48792,21
48792,28
48782,29
48782,21
48794,3
48812,3
55888,14
48810,29
48810,21
48804,29
48804,21
48804,16
48802,3
48790,16
48790,11
48798,14
48798,2
48806,13
48800,11
48746,3
48814,26
48808,3
48808,13
48816,1
48816,28
48818,28
48822,3
48820,28
48834,3
48824,14
48824,29
48824,21
48836,13
48828,11
48828,26
48826,16
48840,13
48830,3
48838,26
48842,3
48844,16
48832,26
48832,2
48854,13
48846,11
48846,26
48848,3
48856,29
48856,21
48856,28
48866,3
48858,3
48852,3
48850,3
48860,29
48860,21
48870,28
48872,13
48884,26
48864,3
48868,3
48878,3
48874,29
48874,21
48876,3
48888,3
48886,3
48890,3
48880,3
48880,16
48882,5
48892,29
48892,21
48892,28
48892,2
48896,3
48894,17
48902,3
48912,3
48922,13
48908,3
48906,29
48906,21
48898,16
48898,11
48900,14
48900,3
48900,11
48904,11
48910,3
48910,13
48924,3
48924,16
48926,28
48932,3
48918,29
48918,21
48918,5
48916,16
48916,11
48920,3
48920,27
48930,3
48928,28
48928,2
48954,14
48954,3
48956,28
48956,2
48944,3
48944,16
48936,3
48934,14
48934,26
48946,3
48958,3
48958,16
48948,3
48942,29
48942,21
48942,5
48938,26
48938,2
48952,16
48952,11
48960,11
48940,16
48940,11
48962,16
48968,28
48966,3
48980,11
48970,16
48970,11
48982,28
48964,14
48964,16
48976,16
48976,11
48984,3
48984,16
48978,3
48986,29
48986,21
48986,5
49002,3
48992,29
48992,21
48992,2
49004,26
48974,16
48974,2
49006,3
48996,13
49012,3
49000,26
48990,3
48972,11
49016,14
49016,3
49008,14
49008,3
49010,3
49020,13
49022,28
49032,14
49048,14
49026,3
49026,16
49024,29
49024,21
49024,5
49024,2
49038,3
49038,13
49040,3
49066,28
49042,3
49036,2
49058,28
49054,29
49054,21
49054,5
49054,2
49060,26
49052,16
49052,11
49046,3
49072,14
49064,29
49064,21
49070,14
49068,3
49068,13
49076,26
49078,3
49078,16
52847,3
49084,26
49090,28
49086,29
49086,21
49086,2
49082,3
49082,16
49074,28
49108,16
49088,3
49106,29
49106,21
49098,26
49114,3
49114,16
49104,28
57454,28
49094,14
49094,26
49110,3
56786,29
56786,28
56786,2
49120,3
49132,29
49132,21
49132,2
49118,3
49122,3
49124,3
49124,16
49124,13
85549,21
85549,2
49126,29
49126,21
49142,3
49144,3
49136,3
49136,16
49128,3
49128,16
49134,3
49134,16
49148,29
49148,21
49148,16
49146,16
49146,11
49150,29
49150,21
49150,2
49140,13
49152,3
49160,3
49154,5
49154,2
49162,14
49162,16
49162,2
49168,29
49168,21
49156,5
49164,16
49172,16
49166,26
49176,28
49176,2
49200,29
49200,21
49200,5
49178,29
49178,21
49178,2
49198,12
49196,16
49202,14
49202,3
49204,29
49204,21
49204,28
49204,2
49192,2
49182,3
49184,14
49186,16
49208,3
49208,16
49214,3
49216,3
49222,16
49222,11
49222,26
49234,28
49240,14
49240,11
49240,26
49232,3
49232,16
49246,-1
49218,3
49220,16
49220,26
49248,3
49224,29
49224,21
49258,3
49244,29
49244,21
49244,5
49244,2
49256,16
49256,26
49250,29
49250,21
49250,3
49252,16
49252,11
49252,26
49260,16
49260,11
49262,11
49268,3
49266,-1
49274,3
49278,14
49278,2
49280,28
49270,28
49272,26
49276,28
49264,3
49286,29
49286,21
49286,5
49288,13
49292,28
49292,5
49284,3
49284,13
49302,3
49296,3
49294,-1
49306,28
49304,-1
49298,29
49298,21
49314,3
49290,11
49316,28
49320,-1
49312,29
49312,21
49324,29
49324,21
49324,5
49310,28
49326,14
49344,3
49340,14
49340,2
49334,14
49346,14
49336,16
49336,11
49352,28
49352,5
49332,3
49332,13
49350,3
49354,14
49354,2
49356,28
49362,13
49360,-1
49366,3
49358,28
49380,28
49370,3
49372,28
49382,28
49378,13
49368,29
49368,21
49384,11
49384,26
49388,29
49388,21
49390,3
49392,28
49392,2
49410,28
49416,28
49408,13
49398,3
49412,29
49412,21
49400,26
49404,28
49396,26
49422,26
49428,13
49420,29
49420,21
49426,3
49418,14
49430,3
75713,28
75713,2
49446,13
49432,29
49432,21
49432,2
49424,29
49424,21
49448,28
49434,3
49452,16
49450,3
49442,4
49438,29
49438,21
49464,28
49454,16
49456,3
49468,29
49468,21
49468,16
49468,2
49460,14
49474,2
49484,28
49484,2
49472,12
49482,28
49486,12
89985,28
49490,28
49490,2
49492,26
49494,3
49506,26
49502,7
49502,27
49502,26
49504,3
49496,28
49496,2
49508,14
49508,11
49512,3
49520,-1
49544,-1
49534,16
49522,14
49522,2
49528,14
49528,3
49528,16
49540,29
49540,21
49540,28
49540,5
49540,2
49542,5
49568,26
49524,28
49566,-1
49556,5
49552,-1
49570,26
49526,16
49574,3
49574,16
49574,11
49564,5
49578,26
49580,29
49580,21
49592,29
49592,21
49582,16
49584,11
49598,26
49590,28
49596,14
49596,26
49588,3
49604,28
49604,2
49600,28
49602,2
49624,28
49608,3
49608,13
49610,16
49610,11
49610,26
49618,3
49614,29
49614,21
49614,5
49626,29
49626,21
49636,29
49636,21
49636,2
49630,14
49630,2
49634,26
49632,3
49654,3
49644,29
49644,21
49646,14
49664,29
49664,21
49664,2
49670,3
49658,14
49656,26
49680,3
49666,3
49676,29
49676,21
49676,28
49660,3
49672,14
49692,3
49692,16
49678,29
49678,21
49678,28
49678,2
49688,28
49686,2
49684,28
49690,28
49700,28
49698,28
49708,3
49702,2
49722,13
49710,26
49714,28
49714,2
49726,26
49728,3
49728,26
49704,28
49732,26
49736,26
49730,29
49730,21
49730,28
49746,3
49744,3
49748,3
49742,28
49740,28
49754,28
49762,3
49766,13
49778,16
49778,2
49758,28
49784,28
49786,28
49772,28
49772,2
49756,28
49780,16
49780,11
49774,28
49798,4
49764,3
49782,-1
49792,2
49794,28
49796,3
49808,3
49806,3
49816,29
49816,21
49816,28
49816,2
49802,3
49802,16
49828,14
49828,3
49828,11
49814,28
49814,2
49800,3
49812,26
49820,29
49820,21
49820,2
49824,16
49826,26
49830,16
49830,11
74277,28
74277,2
49832,16
49834,16
49904,3
49844,28
49846,2
49838,3
49840,28
49842,3
49842,13
49858,16
49848,28
49848,2
49850,26
49860,3
49864,5
49882,5
49882,2
49878,29
49878,21
49878,2
49872,11
49872,26
49888,29
49888,21
49888,2
49876,2
49868,2
49902,16
49886,3
49896,3
49900,3
49900,11
49906,28
49914,29
49914,21
49914,5
49890,14
49890,3
49910,26
49912,29
49912,21
49912,28
49918,-1
49920,14
49920,2
49932,29
49932,21
49922,28
49916,29
49916,21
49916,28
49934,3
49928,3
49928,16
49938,28
49930,3
49942,28
49942,2
49968,28
49940,-1
49952,29
49952,21
49952,28
49952,2
49948,3
49958,14
49958,26
49974,14
49974,11
49974,26
49964,29
49964,21
49966,28
49978,14
49978,16
49978,26
49980,26
49986,28
49976,3
49970,16
49992,3
49992,13
49982,28
49990,14
49988,-1
49994,28
50004,12
50010,3
50002,3
50002,13
50006,16
50008,28
50014,3
50022,14
50020,28
50020,2
50024,26
50026,26
50018,29
50018,21
50048,14
50048,2
50036,29
50036,21
50036,5
50036,2
50050,14
50050,16
50050,26
50042,29
50042,21
50054,11
50054,26
50030,29
50030,21
50068,29
50068,21
50064,29
50064,21
50058,29
50058,21
50056,12
50056,26
50074,29
50074,21
50074,28
50076,29
50076,21
50076,5
50066,29
50066,5
50066,2
50088,-1
50082,26
50084,28
50086,29
50086,21
50096,14
50096,16
50096,11
50106,13
50092,3
50112,14
50108,28
50114,14
50114,4
50110,3
50110,26
50124,14
50102,3
50102,16
50102,11
50102,26
50122,29
50122,21
50126,14
50126,16
50118,28
50136,28
50142,14
50142,26
50144,5
50130,11
50130,26
50140,3
50140,16
50160,5
50166,3
50152,3
50152,16
50148,26
50146,29
50146,21
50172,14
50154,29
50154,21
50200,3
50196,11
50196,26
50156,28
50192,3
50164,14
50164,16
50182,4
50210,5
50176,29
50176,21
50176,5
50190,14
50190,26
50180,3
50208,29
50208,21
50214,3
50228,13
50212,28
50220,3
50220,16
50244,5
50246,3
50230,3
50222,29
50222,21
50222,28
50236,26
50232,28
50224,3
50224,13
50250,3
50252,5
50254,3
50254,13
50248,28
50258,16
50260,28
50242,29
50242,21
50264,3
50280,14
50272,29
50272,21
50266,26
50278,16
50278,11
50306,16
50306,11
50306,26
50310,28
50290,28
50292,28
50308,26
50314,-1
50304,-1
50342,26
50324,29
50324,21
50324,28
50326,26
50318,28
50318,2
50320,26
50340,14
50344,3
50334,29
50334,21
50334,28
50334,5
50334,2
50336,-1
50348,14
50348,3
50350,28
50356,3
50356,16
50356,11
50346,3
50354,29
50354,21
50358,26
50378,3
50380,16
50380,11
50380,26
50362,16
50362,26
50352,28
50352,2
50366,14
50366,3
50372,3
50390,3
50390,26
50368,29
50368,28
50368,2
50398,-1
50392,3
50392,26
50382,3
50382,16
50376,29
50376,21
50376,16
50396,3
50396,8
50396,9
50394,16
50394,11
50404,14
50404,26
50402,3
50406,11
50406,26
50424,29
50424,21
50424,16
50450,-1
50400,28
50430,3
50430,26
50446,5
50442,3
50442,16
50434,3
50434,16
50434,13
50482,26
50440,16
50440,11
50438,3
50460,28
50474,29
50474,21
50474,5
50476,3
50464,2
50468,3
50470,26
50466,3
50478,26
50484,3
50492,5
50490,11
50496,3
50502,13
50488,3
50504,3
50504,16
50504,13
50506,3
50500,16
50500,11
50500,26
